"cluster","n","median_pct_mt","mean_pct_mt","sd_pct_mt"
"MV1",7545,3.30396475770925,3.83704247638737,2.33837341240204
"MV2",7005,3.20684126135756,3.87282469188399,2.63348998413653
